"Time  [h]","Conc  [mg/l]"
74.5,0.01552239
75,0.02814499
75.5,0.02371002
76,0.01842217
77,0.01176972
78,0.008528785
79,0.005287847
80,0.004434968
81,0.003752665
