"Time [h] [h]","Error [µg/L] [mg/l]","C_pls [µg/L] [mg/l]"
0.4721311,0.0125,0.02225
0.9639344,0.00475,0.0185
1.47541,0.0045,0.01425
1.986885,0.00475,0.011
2.970492,0.003,0.006
3.97377,0.00175,0.00375
6,0.0009999999,0.002
