"time  [h]","conc S.D. [mg/l]","conc  [mg/l]"
12.5,0.163,0.193
13,0.156,0.275
14,0.149,0.388
15,0.189,0.508
16,0.2,0.503
18,0.0745,0.296
20,0.09629999,0.306
24,0.068,0.195
28,0.0656,0.16
36,0.0603,0.13
60,0.0443,0.06789999
84,0.0321,0.0369
