"Time  [h]","Conc  [mg/l]"
73.5,0.003809524
74,0.01785714
74.5,0.01857143
75,0.01690476
76,0.0102381
77,0.006666666
78,0.003809524
79,0.002619048
