"Time  [h]","Conc  [µmol/l]"
4.5,0.04892674
5,0.0474276
6,0.03393526
7,0.02221465
8,0.01608177
10,0.01294719
12,0.009540034
16,0.005587734
24,0.002725724
