"Time  [h]","Conc  [µmol/l]"
4.5,0.04197615
5,0.05315162
6,0.03979557
7,0.02562181
8,0.02057922
10,0.01526405
12,0.01199318
16,0.008722316
24,0.005178875
