"Time  [h]","Conc  [µmol/l]"
4.5,0.01989779
5,0.01689949
6,0.01063032
7,0.006405451
8,0.004088586
10,0.002589438
12,0.001362862
