"Time  [h]","Conc  [µmol/l]"
4.5,0.02930153
5,0.02998296
6,0.02139693
7,0.01240204
8,0.008722316
10,0.005451448
12,0.003543441
16,0.001771721
24,0.0004088586
